IMG_ID,EncodedString
10181_00,
10181_01,
10181_02,
10181_03,
10181_04,24465 12 24915 2 24934 27 25346 95 25825 96 26305 96 26786 95 27158 1 27266 95 27636 2 27747 94 28084 3 28103 15 28227 94 28560 37 28708 93 29034 43 29188 93 29484 11 29511 46 29668 93 29957 21 29982 56 30149 92 30432 87 30629 88 30865 11 30910 90 31109 86 31318 47 31385 95 31589 80 31785 8 31795 53 31863 97 32070 72 32243 89 32342 98 32551 69 32711 101 32821 98 33033 67 33172 115 33301 35 33340 58 33513 65 33623 8 33641 124 33782 6 33792 22 33821 56 33993 64 34081 163 34263 4 34274 20 34301 54 34473 63 34561 162 34755 18 34782 52 34953 62 35041 161 35235 17 35263 50 35433 61 35521 159 35716 15 35743 50 35912 62 36001 153 36197 14 36222 50 36392 61 36481 152 36678 12 36702 49 36872 61 36961 89 37057 14 37075 37 37159 11 37182 49 37352 50 37410 1 37441 84 37557 34 37640 10 37663 47 37832 5 37845 36 37921 83 38041 28 38121 9 38144 46 38312 3 38334 25 38401 78 38481 2 38521 19 38602 8 38629 10 38640 29 38817 10 38881 77 39002 16 39083 7 39112 6 39122 26 39361 76 39482 14 39564 5 39594 2 39602 25 39841 75 39962 14 40046 2 40083 23 40321 74 40442 13 40563 22 40801 73 40923 12 41044 20 41281 72 41404 10 41526 17 41761 72 41885 7 42241 71 42366 3 42721 70 43201 70 43681 19 43705 45 44161 17 44192 15 44216 13 44641 16 44673 7 44698 9 45121 15 45155 3 45601 13 46081 6 46561 2
10181_05,
10181_06,61 46 173 82 259 222 541 43 654 79 740 221 1021 43 1134 80 1221 220 1501 44 1613 81 1701 220 1982 43 2093 80 2182 219 2462 43 2573 79 2663 218 2943 42 3053 78 3144 217 3423 43 3533 77 3627 214 3903 44 4014 15 4035 54 4113 208 4383 44 4495 13 4516 52 4595 206 4863 34 4977 10 4996 52 5077 204 5342 33 5458 8 5477 50 5559 202 5822 32 5941 3 5957 50 6040 199 6301 32 6438 49 6520 198 6781 32 6918 48 7001 195 7260 32 7398 48 7481 193 7740 33 7878 46 7962 190 8220 33 8358 42 8442 184 8699 34 8839 38 8924 181 9179 34 9320 36 9405 179 9659 35 9804 30 9887 175 10139 35 10288 19 10369 170 10619 35 10771 13 10851 165 11100 34 11333 161 11580 33 11815 153 12060 32 12297 147 12541 30 12778 144 13021 28 13258 143 13502 17 13522 2 13739 141 13983 10 14219 132 14467 4 14700 127 15180 126 15651 5 15660 125 16129 8 16140 125 16609 8 16620 124 17088 10 17100 123 17568 10 17579 122 18047 132 18527 130 19007 128 19486 127 19966 125 20446 123 20927 120 21407 106 21515 10 21887 104 22366 104 22846 103 23326 102 23805 103 24284 103 24764 103 25243 103 25721 104 26200 105 26679 107 27159 107 27638 109 28118 109 28597 111 29077 111 29557 111 30038 111 30519 110 30717 4 31000 109 31195 6 31480 109 31669 12 31960 110 32142 19 32440 111 32620 21 32919 114 33100 21 33287 7 33297 4 33336 4 33398 115 33578 23 33765 17 33788 4 33814 7 33877 116 34057 24 34244 19 34267 7 34294 7 34355 118 34536 25 34723 32 34773 9 34834 119 35015 26 35202 33 35252 11 35313 120 35494 27 35680 36 35731 12 35793 119 35974 27 36154 43 36211 11 36272 120 36453 28 36633 45 36690 12 36751 121 36933 28 37050 7 37071 4 37112 47 37170 12 37231 121 37402 8 37411 30 37525 32 37591 49 37650 13 37710 122 37837 8 37881 40 38004 37 38069 52 38130 14 38190 122 38315 19 38359 42 38479 2 38483 38 38540 62 38610 19 38639 1 38669 148 38827 54 38958 44 39018 65 39090 22 39118 4 39148 213 39437 45 39496 68 39569 25 39596 6 39627 214 39916 46 39976 70 40048 35 40106 215 40395 47 40455 108 40585 216 40874 49 40935 109 41064 217 41353 51 41414 112 41543 218 41833 52 41892 349 42312 54 42369 352 42791 410 43271 410 43700 5 43750 411 44178 14 44207 9 44229 412 44657 16 44680 18 44707 414 45136 19 45158 443 45614 467 46087 474 46563 40453 87018 477 87500 474 87981 473 88463 470 88945 468 89427 466 89908 465 90389 464 90870 464 91351 463 91832 462 92313 461 92793 462 93274 461 93755 460 94236 320 94561 135 94717 315 95041 135 95198 295 95496 13 95521 136 95679 289 96001 137 96160 35 96203 241 96481 137 96641 32 96685 232 96961 137 97123 28 97167 228 97441 138 97604 23 97649 225 97921 138 98086 17 98130 15 98151 201 98401 138 98569 13 98615 5 98634 197 98881 138 99051 9 99116 193 99361 137 99534 4 99604 185 99841 137 100087 181 100321 137 100568 179 100801 136 101049 178 101281 135 101529 177 101761 135 102010 175 102241 60 102305 70 102491 174 102721 58 102787 67 102971 173 103201 26 103228 28 103269 63 103452 171 103681 23 103715 15 103750 60 103933 168 104161 22 104198 6 104231 57 104413 167 104641 22 104713 54 104894 165 105121 21 105194 39 105237 8 105374 163 105601 21 105674 37 105856 60 105925 16 105951 63 106081 20 106155 35 106339 56 106409 10 106435 54 106561 20 106635 34 106824 49 106891 5 106918 39 107041 20 107116 33 107306 46 107421 12 107521 19 107596 33 107787 43 108001 19 108077 31 108268 41 108481 19 108558 30 108749 38 108961 18 109038 30 109229 37 109441 18 109519 28 109710 34 109921 17 109999 28 110192 31 110401 16 110480 26 110673 29 110881 15 110961 24 111157 24 111361 14 111441 22 111640 19 111841 13 111923 12 112127 10 112321 11 112405 2 112801 10 113281 7
10181_07,
10181_08,
10181_09,1 60 107 66 255 4 481 60 584 70 733 7 961 60 1064 70 1214 7 1441 60 1545 68 1694 7 1921 61 2025 68 2173 9 2401 61 2505 68 2652 11 2881 62 2985 68 3131 13 3361 62 3466 67 3610 17 3841 62 3947 67 4029 6 4089 24 4321 62 4427 68 4508 8 4568 27 4801 62 4897 80 4987 9 5048 29 5281 61 5375 83 5466 11 5527 32 5761 61 5854 87 5944 13 6007 33 6239 62 6333 105 6487 33 6718 63 6813 105 6966 35 7196 64 7292 106 7446 35 7674 66 7773 105 7924 38 8152 68 8253 105 8400 42 8626 73 8733 106 8877 47 9105 74 9213 107 9356 49 9584 75 9694 110 9834 53 10062 77 10174 114 10307 62 10539 80 10654 117 10784 67 11016 84 11134 199 11494 86 11613 202 11968 92 12092 205 12444 97 12571 207 12922 99 13049 209 13401 101 13519 3 13524 215 13880 103 13993 226 14351 116 14471 229 14827 353 15306 345 15656 4 15785 344 16137 3 16265 344 16617 3 16744 344 17098 2 17223 345 17578 1 17701 346 18179 348 18657 350 19135 351 19613 353 20091 355 20569 358 21047 360 21513 2 21525 362 21991 375 22470 376 22949 377 23428 377 23908 376 24387 78 24477 287 24867 48 24917 17 24961 282 25441 280 25921 279 26401 278 26881 277 27361 275 27841 243 28087 16 28321 239 28801 233 29281 203 29495 16 29761 196 29978 4 30241 191 30721 144 30876 34 31201 117 31365 20 31681 104 31793 2 31848 15 32161 82 32332 10 32641 70 32812 9 33121 51 33294 3 33601 22 33631 10 87016 2 87495 5 87974 7 88454 9 88933 12 89413 14 89893 15 90373 16 90853 17 91334 17 91814 18 92294 19 92774 19 93255 19 93735 20 94215 21 94556 5 94696 21 95032 9 95176 22 95493 3 95509 12 95657 22 95968 33 96138 22 96195 8 96444 37 96618 23 96673 12 96917 44 97098 25 97151 16 97395 46 97579 25 97627 22 97874 47 98059 27 98103 27 98145 6 98352 49 98539 30 98582 33 98620 14 98831 50 99019 32 99060 56 99309 52 99498 36 99538 66 99789 52 99978 109 100268 53 100458 110 100747 54 100937 112 101227 54 101416 113 101706 55 101896 114 102185 56 102301 4 102375 116 102665 56 102779 8 102854 117 103144 57 103227 1 103256 13 103332 120 103623 58 103704 11 103730 20 103810 123 104101 60 104183 15 104204 27 104288 125 104580 61 104663 50 104767 127 105059 62 105142 52 105233 4 105245 129 105537 64 105622 52 105711 145 105916 9 105941 10 106014 67 106101 54 106190 149 106395 14 106419 16 106489 72 106581 54 106669 155 106873 18 106896 22 106957 84 107061 55 107149 157 107352 69 107433 88 107540 56 107629 158 107830 171 108020 57 108108 160 108309 172 108500 58 108588 161 108787 174 108979 59 109068 161 109266 175 109459 60 109547 163 109744 177 109938 61 110027 165 110223 178 110417 63 110506 167 110702 179 110896 65 110985 172 111181 180 111375 66 111463 177 111659 182 111854 69 111935 192 112137 184 112332 73 112407 394 112811 470 113288 193913
10806_00,
10806_01,
10806_02,64802 11 65281 34 65761 49 65831 11 66241 50 66309 36 66721 50 66789 59 67201 51 67268 62 67681 51 67748 62 68161 52 68228 62 68641 52 68708 62 69121 53 69187 63 69601 53 69667 63 69847 13 70081 54 70147 63 70326 34 70561 54 70628 62 70805 57 71041 54 71108 62 71285 63 71521 54 71588 62 71765 64 72001 54 72068 62 72245 64 72481 55 72548 62 72725 64 72909 1 72961 55 73028 62 73205 64 73387 14 73441 55 73508 62 73684 65 73866 31 73902 3 73921 55 73988 63 74164 65 74346 110 74468 63 74644 65 74826 109 74948 64 75124 65 75306 109 75428 64 75604 65 75785 110 75907 65 76084 65 76265 110 76387 64 76564 65 76745 110 76867 64 77044 65 77225 110 77347 64 77524 65 77705 110 77827 64 78004 65 78185 110 78307 64 78484 65 78665 109 78787 64 78964 65 79144 110 79267 64 79444 65 79624 110 79747 64 79875 4 79924 65 80104 110 80227 64 80352 12 80404 65 80584 110 80707 64 80828 19 80884 65 81064 110 81187 64 81306 23 81364 65 81543 111 81667 63 81785 26 81844 64 82023 111 82147 63 82252 43 82323 65 82503 111 82627 62 82731 47 82803 65 82982 112 83107 62 83210 52 83283 65 83461 113 83587 61 83690 54 83763 65 83941 113 84067 61 84170 55 84243 65 84422 112 84547 61 84650 55 84723 65 84903 111 85027 61 85130 56 85203 65 85383 111 85507 61 85610 56 85683 65 85864 109 85987 61 86090 56 86163 65 86344 109 86466 63 86570 56 86643 65 86824 108 86946 63 87050 56 87123 65 87304 108 87426 63 87530 56 87603 64 87784 108 87906 63 88010 56 88083 64 88264 108 88386 63 88490 56 88563 64 88744 108 88866 63 88970 56 89043 64 89223 110 89346 63 89450 56 89523 64 89703 110 89826 63 89930 55 90003 64 90183 110 90306 63 90410 55 90482 65 90663 110 90786 63 90889 56 90962 65 91143 110 91266 63 91369 56 91441 66 91623 110 91746 63 91849 56 91921 66 92102 111 92226 63 92329 56 92401 66 92582 111 92706 63 92809 56 92881 66 93062 111 93186 63 93289 56 93361 66 93542 111 93666 63 93769 56 93841 66 94022 110 94147 62 94249 56 94320 67 94502 110 94631 58 94729 56 94800 67 94982 109 95115 54 95209 56 95280 66 95462 107 95599 3 95606 6 95619 31 95689 56 95760 66 95942 104 96102 28 96169 56 96239 67 96422 103 96584 26 96649 56 96719 67 96902 102 97066 24 97129 56 97199 67 97382 101 97546 24 97609 56 97679 67 97862 100 98027 23 98089 55 98159 67 98342 100 98507 23 98569 55 98640 66 98822 99 98988 22 99049 55 99120 66 99302 59 99365 36 99468 22 99529 55 99600 66 99782 59 99859 22 99948 22 100009 55 100080 66 100262 59 100351 9 100428 22 100489 55 100560 66 100741 60 100834 6 100909 21 100969 55 101040 66 101221 60 101316 3 101389 21 101449 55 101520 66 101701 60 101869 21 101928 56 102001 65 102180 61 102349 21 102408 56 102481 65 102661 60 102830 20 102888 56 102961 65 103141 60 103310 20 103368 56 103442 64 103622 59 103790 20 103848 55 103923 63 104129 32 104270 20 104328 55 104405 61 104616 8 104627 14 104750 20 104808 55 104889 4 104903 43 105108 13 105230 20 105288 55 105387 39 105589 12 105710 20 105768 55 105873 33 106069 12 106190 20 106248 55 106358 29 106549 12 106670 20 106728 55 106840 27 107029 12 107150 20 107208 55 107321 27 107353 10 107510 11 107630 21 107687 56 107802 26 107832 35 107990 11 108110 36 108167 56 108283 26 108311 55 108471 10 108590 49 108647 56 108764 84 108953 8 109070 53 109126 57 109244 84 109435 6 109550 112 109725 84 109917 4 110029 113 110206 83 110509 113 110686 83 110989 113 111167 82 111362 2 111469 113 111648 81 111841 4 111949 113 112129 80 112321 5 112429 113 112611 79 112801 7 112909 113 113092 79 113281 8 113388 114 113573 81 113761 9 113868 114 114053 94 114241 10 114348 114 114534 101 114721 11 114828 114 115014 102 115201 13 115307 115 115495 102 115681 14 115787 115 115975 102 116161 14 116267 115 116455 102 116641 14 116747 115 116936 102 117121 14 117226 116 117416 102 117601 14 117706 116 117896 102 118081 14 118185 117 118376 102 118561 14 118665 116 118856 103 119041 14 119145 116 119335 104 119521 14 119624 117 119815 104 120001 14 120103 118 120295 105 120481 15 120583 118 120774 106 120961 15 121062 119 121254 106 121441 15 121541 120 121734 106 121921 15 122020 121 122213 107 122401 15 122499 122 122693 107 122881 16 122978 123 123173 107 123361 17 123457 124 123653 107 123841 18 123936 125 124133 107 124321 19 124415 126 124613 107 124801 19 124894 127 125094 106 125281 20 125373 128 125574 106 125761 20 125853 128 126054 106 126241 19 126332 129 126534 106 126721 19 126812 129 127003 2 127013 107 127201 19 127291 130 127483 117 127681 19 127771 130 127962 118 128161 19 128251 130 128441 119 128641 19 128731 130 128920 119 129121 19 129211 130 129399 120 129601 19 129691 130 129878 122 130061 5 130077 23 130171 130 130358 122 130539 41 130650 131 130837 123 131018 42 131130 131 131316 124 131497 43 131610 131 131795 125 131975 45 132090 131 132274 126 132453 47 132570 130 132753 127 132931 49 133050 130 133232 128 133410 50 133530 130 133712 128 133889 51 134010 130 134191 129 134369 51 134489 131 134671 129 134848 52 134969 131 135150 130 135327 53 135449 131 135629 131 135805 55 135929 130 136109 131 136284 56 136409 130 136589 132 136763 57 136888 131 137068 133 137242 58 137368 131 137548 133 137721 59 137839 6 137847 132 138028 134 138201 59 138317 142 138508 134 138680 60 138796 143 138987 135 139160 60 139275 144 139467 135 139640 60 139755 144 139947 135 140120 59 140235 144 140427 135 140600 59 140715 144 140907 136 141080 59 141195 144 141387 136 141560 59 141675 144 141867 136 142040 59 142155 144 142347 136 142520 59 142634 145 142827 136 143000 59 143114 145 143307 136 143480 59 143594 145 143787 136 143960 59 144074 145 144267 136 144440 59 144554 145 144746 137 144919 60 145034 145 145226 137 145399 60 145514 145 145706 137 145879 60 145994 145 146186 137 146359 60 146474 145 146666 136 146839 60 146954 144 147146 136 147319 60 147434 144 147626 136 147799 59 147914 144 148106 137 148279 59 148394 144 148586 137 148759 59 148874 144 149066 136 149239 58 149354 144 149546 136 149719 57 149834 144 150026 136 150199 54 150314 144 150506 136 150679 52 150793 145 150986 136 151159 48 151273 145 151466 136 151639 42 151753 145 151945 138 152119 42 152233 145 152425 138 152599 42 152713 145 152905 138 153079 42 153193 145 153385 138 153559 42 153673 145 153865 137 154039 42 154153 145 154345 138 154519 42 154633 144 154825 138 154999 42 155113 144 155305 138 155478 43 155593 144 155785 137 155958 43 156073 144 156265 137 156438 43 156553 144 156745 138 156918 43 157033 144 157225 137 157398 43 157513 144 157705 137 157878 43 157993 144 158185 137 158358 43 158473 144 158665 137 158838 43 158953 144 159145 137 159318 43 159433 144 159625 137 159798 43 159913 144 160105 137 160278 43 160393 144 160585 137 160758 43 160873 144 161065 136 161238 43 161353 144 161545 136 161718 43 161833 144 162025 136 162199 42 162312 145 162505 135 162679 42 162792 145 162985 135 163160 41 163272 145 163465 135 163640 41 163752 145 163945 135 164120 41 164232 145 164425 135 164600 41 164712 145 164905 135 165080 41 165192 145 165385 134 165560 41 165672 83 165769 48 165865 134 166040 41 166152 80 166252 45 166345 133 166521 40 166633 77 166733 44 166825 133 167001 40 167113 75 167214 43 167305 132 167481 40 167593 74 167694 43 167784 133 167961 40 168075 71 168175 42 168264 132 168441 40 168567 58 168656 11 168673 24 168744 132 168921 40 169048 56 169136 10 169157 20 169224 132 169401 40 169529 54 169617 8 169643 13 169704 132 169881 40 170010 53 170097 7 170184 131 170361 40 170508 2 170523 20 170578 5 170664 131 170841 40 171007 15 171059 3 171145 129 171321 40 171488 13 171625 127 171800 41 171971 1 172106 124 172280 41 172586 121 172760 41 173066 119 173240 41 173548 115 173720 41 174035 107 174200 41 174520 101 174680 41 175012 66 175088 12 175160 41 175492 65 175570 9 175640 41 175980 56 176052 5 176120 41 176461 55 176600 41 176941 54 177080 41 177422 52 177561 40 177902 26 177933 21 178043 5 178052 29 178383 23 178415 18 178534 27 178865 19 178898 14 179022 19 179387 3 179508 13 179989 12 180472 9 180953 8 181434 7 181915 6 182396 5 182878 3 290792 10 291271 19 291750 25 292229 30 292708 33 293186 40 293233 4 293665 67 293736 8 294145 80 294625 81 295105 82 295585 83 296065 84 296546 83 297026 84 297506 84 297986 85 298466 87 298946 89 299426 89 299906 90 300385 91 300865 91 301345 91 301825 91 302305 91 302785 91 303265 91 303745 91 304226 90 304706 89 305186 89 305666 89 306146 89 306626 89 307106 88
10806_03,
10806_04,95602 4 95612 7 96080 22 96560 24 97039 27 97519 27 97999 28 98479 28 98959 29 99439 29 99919 29 100349 2 100399 29 100827 7 100879 30 101305 11 101359 30 101777 20 101839 30 102255 22 102319 30 102733 24 102799 31 103213 23 103278 32 103692 24 103758 32 104171 25 104238 32 104585 1 104650 25 104718 32 104893 10 105064 3 105130 25 105198 32 105372 15 105544 4 105610 25 105678 32 105852 21 106024 5 106055 5 106090 25 106158 32 106331 27 106505 5 106531 10 106571 23 106638 32 106810 30 106986 6 107002 20 107052 22 107118 32 107289 32 107468 6 107478 24 107532 22 107598 32 107768 34 107949 33 108013 21 108078 32 108247 36 108428 35 108494 20 108558 32 108727 37 108907 36 108950 3 108974 20 109038 32 109207 37 109386 37 109430 5 109454 20 109518 32 109687 38 109865 38 109909 8 109934 20 109998 31 110167 39 110343 41 110387 14 110414 20 110478 31 110647 39 110820 14 110845 36 110894 20 110958 31 111127 40 111299 14 111327 34 111375 19 111438 31 111607 41 111779 14 111808 33 111855 19 111918 31 112087 42 112258 14 112288 33 112335 19 112398 31 112567 42 112737 15 112768 33 112814 20 112878 31 113047 41 113217 14 113249 32 113295 18 113357 31 113527 41 113697 14 113729 32 113775 18 113837 31 114007 41 114177 14 114209 32 114255 18 114317 31 114487 41 114656 14 114689 32 114735 18 114797 31 114967 41 115136 14 115169 32 115216 16 115277 30 115447 41 115616 13 115649 32 115697 15 115757 30 115927 40 116096 13 116129 32 116178 14 116237 30 116407 40 116575 14 116609 32 116659 13 116717 30 116887 40 117055 14 117089 32 117139 13 117197 29 117366 41 117535 14 117569 32 117619 13 117677 29 117846 41 118015 13 118048 33 118099 13 118157 28 118326 41 118494 14 118528 33 118580 13 118637 28 118806 41 118974 14 119008 33 119060 13 119117 28 119286 41 119454 14 119487 34 119540 14 119597 27 119766 41 119934 13 119967 34 120021 13 120077 26 120246 40 120414 13 120447 34 120501 13 120557 26 120726 40 120893 14 120926 35 120981 13 121037 25 121206 40 121373 14 121406 35 121462 12 121517 24 121686 40 121853 14 121886 35 121942 12 121997 23 122166 40 122333 14 122365 29 122396 5 122422 12 122476 23 122645 41 122813 13 122845 27 122878 3 122902 12 122956 22 123125 41 123292 14 123325 26 123359 2 123383 11 123436 21 123605 41 123772 14 123804 14 123863 11 123916 20 124085 41 124252 14 124284 12 124343 12 124396 19 124565 40 124731 14 124763 12 124823 12 124876 18 125045 40 125211 13 125243 12 125304 11 125356 17 125525 39 125690 14 125723 11 125784 11 125836 17 126005 39 126170 13 126202 11 126264 11 126317 15 126485 39 126650 13 126682 10 126744 11 126797 15 126965 38 127129 13 127162 9 127224 11 127277 14 127445 38 127609 13 127642 8 127704 11 127756 15 127925 37 128089 13 128121 9 128184 11 128236 15 128405 36 128569 13 128601 8 128664 10 128716 15 128885 35 129048 14 129081 7 129144 10 129196 15 129365 34 129528 14 129561 6 129625 9 129676 15 129845 33 130008 14 130041 6 130105 10 130156 15 130325 33 130488 14 130521 5 130585 10 130636 14 130805 32 130968 14 131000 5 131065 10 131116 14 131285 31 131448 15 131479 5 131545 11 131596 14 131764 31 131927 17 131959 4 132025 11 132076 14 132244 30 132407 19 132438 4 132505 11 132556 14 132724 29 132887 25 132916 5 132984 12 133036 14 133204 28 133366 34 133464 12 133515 15 133684 28 133846 34 133944 12 133995 15 134164 27 134326 33 134424 11 134475 14 134644 27 134806 32 134904 11 134955 14 135124 26 135286 31 135384 10 135435 14 135604 25 135766 31 135864 10 135915 14 136084 25 136246 30 136344 10 136395 14 136564 25 136726 30 136824 10 136876 12 137044 24 137206 29 137304 10 137356 12 137524 24 137686 29 137784 10 137836 3 137845 2 138004 24 138166 29 138264 11 138316 1 138484 24 138646 9 138666 8 138744 11 138795 1 138964 23 139126 8 139148 6 139224 12 139444 23 139606 7 139629 4 139704 12 139924 23 140086 6 140110 3 140184 13 140403 24 140565 7 140591 1 140664 14 140883 24 141045 6 141144 15 141363 24 141525 6 141624 16 141843 24 142005 5 142104 17 142323 24 142485 5 142583 19 142803 24 142965 5 143063 21 143283 24 143445 5 143543 23 143763 24 143924 6 144023 24 144243 24 144404 6 144503 24 144723 23 144883 7 144983 24 145203 23 145363 7 145463 24 145683 23 145843 7 145943 24 146163 23 146323 7 146423 24 146643 23 146802 8 146902 25 147123 23 147282 8 147382 25 147602 24 147762 8 147862 25 148082 24 148243 7 148342 25 148562 24 148723 7 148822 25 149042 24 149202 8 149302 24 149522 24 149682 8 149782 24 150002 24 150162 8 150262 24 150482 24 150642 8 150742 24 150962 24 151122 8 151222 24 151442 24 151602 8 151702 24 151922 23 152083 7 152182 24 152402 23 152563 7 152662 24 152882 23 153043 7 153142 24 153362 23 153523 7 153622 24 153842 23 154002 8 154102 24 154322 23 154483 7 154582 24 154802 23 154963 6 155062 24 155282 23 155443 6 155542 24 155762 23 155922 7 156022 24 156241 24 156402 7 156502 24 156721 24 156883 7 156982 24 157201 24 157362 8 157462 24 157681 24 157842 8 157941 25 158161 24 158322 8 158421 25 158641 24 158802 8 158901 24 159121 24 159282 9 159381 24 159601 24 159762 9 159787 2 159861 24 160081 24 160242 11 160266 3 160341 24 160561 24 160722 15 160738 11 160821 24 161041 24 161201 28 161301 24 161521 24 161681 28 161781 24 162001 24 162162 27 162261 24 162481 24 162642 27 162741 24 162961 24 163123 26 163221 24 163441 24 163603 26 163701 24 163921 24 164083 26 164181 24 164401 24 164563 26 164661 24 164881 24 165043 26 165141 24 165360 25 165523 26 165621 24 165840 25 166003 26 166101 24 166320 25 166483 26 166581 24 166800 25 166964 25 167061 24 167280 25 167444 25 167541 24 167760 24 167924 25 168021 24 168240 24 168404 25 168501 23 168720 24 168884 25 168980 24 169200 24 169364 25 169460 24 169680 24 169844 25 169940 24 170160 24 170324 25 170420 24 170640 24 170804 25 170900 24 171120 25 171284 25 171380 24 171600 25 171773 16 171860 24 172080 26 172254 15 172340 24 172559 27 172734 15 172820 24 173039 27 173215 14 173300 24 173519 26 173695 14 173780 24 173999 25 174176 13 174260 24 174479 24 174658 11 174740 24 174959 24 175139 10 175220 23 175439 23 175619 10 175700 23 175919 24 176099 10 176180 23 176399 24 176579 9 176660 23 176879 24 177059 9 177140 23 177359 24 177539 9 177620 23 177839 24 178019 9 178100 23 178319 24 178498 9 178580 23 178799 24 178978 9 179060 23 179279 24 179458 8 179540 23 179758 25 179939 7 180020 23 180238 26 180419 6 180500 23 180718 26 180900 4 180980 23 181198 26 181460 23 181678 25 181940 23 182158 25 182421 22 182638 25 182901 22 183118 24 183381 22 183598 24 183860 23 184078 24 184340 23 184558 23 184820 22 185038 23 185300 22 185518 23 185779 23 185998 23 186259 22 186478 23 186740 21 186958 23 187220 20 187438 23 187700 20 187918 23 188180 20 188398 23 188660 20 188878 24 189141 19 189359 23 189622 18 189839 23 190104 16 190320 22 190585 15 190800 22 191065 16 191281 21 191545 16 191762 20 192025 16 192242 20 192506 15 192723 18 192986 16 193204 17 193466 16 193685 16 193946 16 194165 16 194428 14 194644 17 194909 13 195123 18 195389 13 195602 19 195869 13 196079 21 196349 13 196558 22 196829 13 197038 20 197309 12 197517 20 197790 11 197997 19 198270 11 198477 17 198750 11 198957 16 199229 12 199437 16 199709 12 199917 15 200188 13 200397 15 200668 13 200877 16 201147 14 201357 16 201627 14 201837 16 202106 15 202317 17 202582 20 202797 17 203060 23 203277 17 203539 25 203757 18 204019 26 204236 19 204499 27 204716 19 204979 27 205196 20 205460 27 205676 20 205946 22 206155 21 206427 21 206635 22 206907 21 207115 22 207387 20 207595 21 207867 16 208075 21 208347 15 208555 22 208827 15 209035 23 209308 14 209515 23 209789 14 209994 25 210270 13 210471 28 210750 13 210950 30 211230 14 211429 32 211710 14 211909 33 212190 15 212389 33 212670 16 212870 33 213149 18 213351 33 213629 19 213833 32 214108 22 214314 32 214587 24 214794 32 215066 28 215274 30 215545 32 215754 26 216024 34 216234 26 216502 37 216714 26 216980 40 217193 27 217459 43 217673 27 217937 49 218032 3 218152 28 218416 53 218511 5 218632 29 218892 58 218991 7 219111 30 219370 61 219470 14 219589 33 219848 65 219950 15 220066 37 220326 70 220429 16 220544 40 220804 78 220909 16 221023 43 221282 81 221388 17 221502 45 221761 83 221867 18 221981 47 222241 83 222345 21 222460 48 222721 85 222824 22 222939 50 223201 94 223303 24 223418 51 223681 96 223781 27 223810 5 223897 53 224161 136 224376 55 224641 136 224856 56 225121 137 225335 59 225601 138 225814 61 226081 138 226293 64 226561 138 226760 3 226772 66 226848 5 227041 139 227234 87 227327 7 227521 139 227713 91 227805 9 228001 139 228192 103 228481 139 228671 105 228961 139 229149 107 229377 4 229441 140 229619 5 229628 110 229766 2 229856 8 229921 140 230096 124 230240 10 230328 2 230335 10 230401 141 230574 131 230719 12 230808 19 230881 147 231046 141 231198 14 231287 21 231361 149 231524 145 231678 15 231767 22 231841 149 232003 147 232158 16 232247 22 232321 150 232476 155 232637 17 232726 24 232801 313 233116 18 233206 25 233281 334 233686 26 233761 334 234166 28 234241 334 234646 34 234721 334 235127 35 235201 334 235607 36 235681 334 236088 37 236161 335 236568 38 236641 336 237048 39 237121 337 237528 39 237601 342 237949 6 238008 39 238067 4 238081 355 238487 41 238547 5 238561 356 238926 3 238932 3 238967 41 239027 6 239041 356 239404 15 239446 43 239506 8 239521 357 239883 17 239926 54 239986 8 240001 358 240363 18 240404 57 240465 10 240478 384 240881 462 241359 465 241830 474 242308 2013 244322 479 244813 468 245309 452 245801 440 246292 429 246780 421 247264 417 247749 412 248232 409 248714 407 249197 404 249679 402 250161 400 250643 398 251124 397 251523 1 251606 415 252087 428 252567 148 252723 285 253047 140 253214 278 253526 136 253708 273 254006 133 254195 270 254485 131 254691 258 254964 130 255188 244 255444 128 255684 230 255923 126 256175 146 256324 72 256402 126 256669 132 256809 68 256881 126 257161 120 257300 187 257656 105 257791 4 257806 52 257859 107 258147 94 258295 41 258341 106 258630 91 258780 34 258822 105 259112 89 259263 30 259303 104 259431 20 259595 86 259746 25 259783 105 259903 44 260076 85 260228 22 260264 105 260380 61 260557 84 260710 19 260744 106 260858 77 261037 84 261192 17 261225 106 261336 89 261518 83 261673 16 261705 212 261998 82 262155 14 262186 224 262479 74 262636 14 262666 245 262959 71 263117 13 263147 126 263277 127 263439 70 263598 13 263627 86 263717 29 263771 118 263918 70 264079 13 264107 85 264199 24 264261 119 264397 70 264560 12 264588 83 264680 21 264749 197 265040 12 265068 82 265161 19 265244 182 265521 12 265548 82 265642 16 265732 174 266002 11 266029 80 266122 15 266231 155 266482 11 266509 80 266602 14 266724 144 266963 11 266989 79 267082 13 267230 127 267443 11 267470 77 267562 12 267716 125 267923 11 267950 77 268041 12 268205 116 268404 11 268430 76 268520 12 268707 4 268715 86 268885 11 268910 76 269000 12 269197 84 269366 10 269391 74 269479 12 269678 83 269846 10 269871 74 269958 12 270158 83 270327 9 270351 74 270438 12 270638 83 270807 9 270831 73 270917 12 271118 83 271288 8 271312 72 271397 12 271599 82 271768 8 271792 72 271877 11 272079 82 272249 7 272272 72 272357 11 272558 67 272729 7 272752 71 272836 11 273038 67 273208 7 273232 71 273316 11 273518 66 273688 6 273712 71 273796 11 273998 66 274169 3 274192 71 274276 11 274478 66 274672 71 274756 10 274958 66 275152 70 275235 11 275438 66 275632 70 275715 11 275918 66 276112 70 276195 11 276398 66 276592 70 276675 11 276878 66 277071 71 277155 11 277358 66 277551 71 277635 10 277838 66 278030 72 278115 10 278318 66 278510 72 278595 10 278798 66 278990 72 279074 11 279278 66 279470 72 279554 11 279758 66 279950 73 280034 11 280238 66 280430 73 280514 11 280717 67 280893 3 280910 73 280994 11 281197 67 281372 5 281390 74 281474 11 281677 67 281850 7 281870 74 281954 11 282157 67 282329 8 282350 74 282434 11 282637 67 282809 8 282830 74 282914 11 283117 67 283289 8 283310 74 283394 11 283597 67 283769 8 283790 74 283874 10 284077 67 284249 8 284271 72 284354 10 284538 12 284556 68 284729 8 284751 72 284834 10 285017 87 285209 8 285232 71 285314 10 285497 87 285689 8 285712 71 285794 10 285977 87 286171 5 286192 71 286274 10 286458 86 286652 4 286672 70 286754 10 286938 86 287134 1 287152 70 287234 10 287418 86 287632 69 287713 10 287900 84 288112 69 288193 10 288383 80 288592 68 288673 10 288865 78 289072 68 289153 10 289346 77 289552 68 289633 10 289826 78 290032 68 290113 10 290306 78 290512 68 290593 10 290786 6 290802 62 290992 68 291073 10 291265 6 291290 54 291472 68 291553 10 291745 5 291775 49 291952 67 292033 10 292225 4 292259 45 292432 67 292513 10 292705 3 292741 44 292912 67 292993 10 293185 1 293226 7 293237 28 293392 67 293473 10 293732 4 293744 1 293872 67 293953 10 294225 1 294351 68 294433 10 294831 68 294913 10 295311 68 295393 10 295791 68 295872 11 296271 68 296352 11 296751 68 296832 11 297231 68 297312 11 297711 68 297792 10 298191 68 298272 10 298671 68 298752 10 299151 68 299232 10 299631 67 299712 10 300111 67 300192 10 300591 67 300672 10 301071 67 301152 10 301551 67 301632 10 302031 67 302112 10 302511 67 302592 10 302990 68 303072 10 303470 68 303552 10 303950 68 304032 10 304430 67 304512 9 304910 67 304992 9 305390 67 305472 9 305870 67 305952 9 306350 67 306432 8 306830 67 306912 8
10806_05,
10806_06,58581 3 59060 5 59540 6 60020 5 60501 3 62774 3 63252 7 63732 10 64211 17 64691 19 65170 23 65650 26 66130 27 66610 28 67090 28 67571 27 68051 18 68075 2 68532 16 69012 16 69493 15 69974 13 70455 10 70936 5 93656 6 94132 15 94612 19 95091 23 95569 26 96046 30 96525 33 97004 35 97483 36 97962 37 98442 37 98921 38 99401 38 99881 38 100360 39 100840 39 101319 40 101797 42 102277 42 102757 42 103236 42 103716 42 104196 42 104675 43 105155 43 105635 43 106115 43 106594 44 107074 44 107554 44 108034 44 108514 44 108994 44 109474 44 109954 44 110434 44 110914 44 111394 44 111874 44 112354 44 112834 44 113313 44 113793 44 114273 44 114753 44 115232 45 115712 45 116192 45 116672 45 117152 45 117632 45 118112 45 118593 44 119073 44 119554 43 120034 43 120514 43 120994 43 121474 43 121954 43 122434 42 122914 42 123394 42 123874 42 124355 41 124835 41 125315 41 125795 41 126275 42 126755 42 127235 42 127715 41 128195 41 128674 42 129154 42 129634 42 130115 41 130595 41 131075 41 131556 40 132036 40 132516 40 132996 40 133476 39 133956 39 134435 40 134915 40 135394 41 135874 41 136354 41 136834 42 137314 42 137794 42 138275 41 138755 40 139236 39 139716 39 140197 38 140678 35 141159 30 141640 26 142121 23 142602 21 143084 17 143566 13 165755 14 166232 20 166710 23 167188 26 167667 27 168072 3 168146 29 168551 16 168625 31 168667 6 169029 19 169104 32 169146 11 169507 22 169583 34 169625 18 169985 25 170063 34 170104 29 170464 44 170510 13 170543 35 170583 29 170796 6 170943 64 171022 37 171062 31 171274 10 171422 66 171501 72 171752 21 171844 2 171900 71 171972 82 172230 24 172321 8 172378 157 172707 27 172801 10 172855 161 173185 30 173281 12 173334 162 173547 1 173663 32 173761 13 173813 163 174025 10 174142 34 174241 14 174292 165 174505 15 174621 37 174721 15 174771 165 174985 27 175078 10 175100 39 175201 16 175250 166 175464 28 175557 13 175579 40 175681 17 175729 167 175944 36 176036 16 176057 42 176161 19 176208 169 176423 38 176516 63 176641 19 176687 170 176903 38 176995 64 177121 19 177166 172 177383 39 177474 65 177601 19 177644 175 177863 39 177928 5 177954 65 178028 6 178040 3 178048 4 178081 19 178123 177 178343 40 178406 9 178433 65 178507 27 178561 19 178603 178 178823 42 178884 14 178912 66 178987 35 179041 19 179083 179 179303 84 179390 68 179466 38 179521 19 179563 180 179783 156 179946 40 180001 19 180043 181 180264 155 180425 43 180481 19 180523 181 180744 156 180904 48 180961 19 181003 182 181224 210 181441 19 181483 182 181703 212 181921 19 181963 183 182183 213 182401 20 182443 183 182663 215 182881 20 182923 184 183142 239 183403 185 183622 238 183883 186 184102 238 184363 188 184581 239 184842 191 185061 239 185322 193 185541 238 185802 196 186021 238 186281 197 186501 239 186761 197 186981 239 187240 198 187461 239 187720 198 187941 239 188200 198 188421 239 188680 198 188902 239 189160 199 189382 240 189640 199 189862 242 190120 200 190342 243 190600 200 190822 243 191081 200 191302 243 191561 201 191782 243 192041 201 192262 244 192521 202 192741 245 193002 202 193221 245 193482 203 193701 245 193962 203 194181 247 194442 202 194661 248 194922 201 195141 248 195402 200 195621 248 195882 197 196100 249 196362 196 196580 249 196842 196 197058 251 197321 196 197537 253 197801 196 198016 254 198281 196 198494 256 198761 196 198973 256 199241 196 199453 256 199721 196 199932 256 200201 196 200412 256 200681 196 200893 254 201161 196 201373 254 201641 196 201853 253 202121 196 202334 248 202602 195 202814 246 203083 194 203294 245 203564 193 203775 244 204045 191 204255 244 204526 190 204735 244 205006 190 205216 244 205487 189 205696 250 205968 187 206176 251 206448 187 206657 250 206928 187 207137 250 207407 188 207616 251 207883 192 208096 251 208362 193 208577 250 208842 193 209058 250 209322 193 209538 251 209803 191 210019 251 210283 188 210499 251 210763 187 210980 250 211244 185 211461 249 211724 185 211942 248 212205 184 212422 248 212686 184 212903 246 213167 184 213384 245 213648 185 213865 243 214130 184 214346 241 214611 183 214826 240 215094 180 215304 241 215577 177 215780 244 216058 176 216260 242 216539 175 216740 240 217020 173 217220 239 217502 171 217700 237 217986 46 218035 117 218180 236 218469 42 218516 116 218661 231 218950 41 218998 113 219141 229 219431 39 219484 105 219622 226 219913 37 219965 101 220103 223 220396 33 220445 99 220584 220 220882 27 220925 98 221066 216 221363 25 221405 97 221547 214 221844 23 221885 96 222028 213 222324 21 222366 94 222508 213 222806 18 222846 93 222989 212 223295 8 223327 91 223469 212 223777 4 223808 2 223815 82 223950 211 224297 79 224431 210 224777 79 224912 209 225258 77 225394 207 225739 75 225875 206 226219 74 226357 204 226699 61 226763 9 226838 10 226853 188 227180 54 227321 6 227334 187 227660 53 227804 1 227814 187 228140 52 228295 186 228620 51 228776 185 229100 49 229256 121 229381 60 229581 38 229624 4 229738 28 229768 88 229864 57 230061 35 230220 20 230250 78 230330 5 230345 56 230542 32 230705 14 230731 77 230827 54 231028 18 231187 11 231212 75 231308 53 231510 14 231669 9 231693 74 231789 52 231990 13 232150 8 232174 73 232269 52 232471 5 232631 6 232654 72 232750 51 233114 2 233134 72 233231 50 233615 71 233712 49 234095 71 234194 47 234575 71 234680 41 235055 72 235162 39 235535 72 235643 38 236015 73 236125 36 236496 72 236606 35 236977 71 237087 34 237458 70 237567 34 237943 6 237955 53 238047 20 238071 10 238436 51 238528 19 238552 9 238917 9 238929 3 238935 32 239008 19 239033 8 239397 7 239419 27 239489 17 239514 7 239878 5 239900 26 239980 6 239994 7 240359 4 240381 23 240461 4 240475 3 240862 19 241343 16 241824 6 242304 4 262597 15 263068 28 263547 32 264025 37 264504 40 264983 44 265462 59 265942 60 266218 13 266421 61 266696 28 266884 8 266901 62 267174 56 267361 13 267381 62 267650 66 267841 14 267861 62 268125 80 268321 14 268341 63 268600 86 268801 14 268820 65 269078 87 269281 15 269300 66 269556 89 269761 16 269780 66 270033 93 270241 86 270511 95 270721 86 270989 97 271201 87 271467 100 271681 87 271946 101 272161 88 272425 103 272641 88 272905 103 273121 87 273384 104 273601 87 273864 104 274081 88 274343 105 274561 91 274822 106 275041 91 275302 106 275521 91 275781 107 276001 91 276261 107 276481 92 276740 108 276961 92 277220 109 277441 92 277699 110 277921 91 278179 111 278401 91 278659 111 278881 91 279138 113 279361 91 279618 113 279841 91 280097 115 280321 90 280577 115 280801 90 281056 116 281281 89 281536 117 281761 88 282016 117 282241 88 282496 118 282721 88 282976 118 283201 88 283456 119 283681 88 283936 120 284161 88 284416 120 284641 88 284896 121 285121 88 285376 121 285601 88 285856 121 286081 90 286336 122 286561 91 286817 121 287041 93 287297 121 287521 93 287777 122 288001 94 288257 122 288481 95 288738 121 288961 95 289218 121 289441 95 289699 120 289921 95 290180 120 290401 96 290660 120 290881 96 291141 120 291361 96 291622 122 291841 96 292102 123 292321 97 292582 123 292801 97 293063 122 293281 97 293543 122 293761 97 294023 122 294241 97 294503 122 294721 97 294982 123 295201 97 295462 123 295681 97 295941 124 296161 97 296420 126 296641 97 296869 13 296899 127 297121 97 297344 24 297378 128 297601 97 297821 31 297856 130 298081 96 298299 167 298561 96 298777 169 299041 96 299256 170 299521 95 299735 171 300001 95 300214 171 300481 94 300693 172 300961 94 301173 172 301441 94 301653 172 301921 94 302132 173 302401 95 302612 173 302881 95 303091 174 303361 95 303571 174 303841 95 304050 176 304321 95 304530 176 304801 95 305009 177 305281 94 305488 178 305761 94 305968 178 306241 94 306447 179 306721 93 306928 178
10806_07,108009 4 108488 6 108968 6 109448 6 109928 6 110408 6 110834 11 110890 2 111313 14 111793 15 112272 16 112752 16 113231 18 113711 18 114191 18 114670 19 115150 19 115629 20 116109 20 116589 20 117069 20 117549 20 118028 20 118508 20 118988 20 119468 19 119947 20 120427 20 120907 19 121387 19 121867 19 122347 18 122826 19 123306 19 123786 18 124266 18 124745 18 125224 19 125704 19 126183 19 126663 19 127142 20 127622 20 128102 19 128582 19 129062 19 129542 19 130022 19 130502 19 130982 18 131463 16 131944 15 132426 12 132912 4 138655 11 139134 14 139613 16 140092 17 140572 18 141051 19 141531 19 142010 20 142490 20 142970 20 143450 20 143930 20 144410 20 144890 21 145370 21 145850 21 146330 20 146810 20 147290 20 147770 20 148250 20 148730 20 149210 20 149690 19 150170 19 150650 19 151130 19 151610 19 152090 19 152570 18 153050 18 153530 18 154010 18 154490 18 154969 19 155449 20 155929 20 156409 20 156890 18 157370 18 157850 18 158330 18 158810 18 159291 17 159771 16 160253 13 160737 1
10806_08,
10806_09,1 58580 58584 476 59065 475 59546 474 60025 476 60504 2270 62777 475 63259 473 63742 469 64228 463 64710 92 64813 357 65193 88 65315 335 65676 85 65810 21 65842 288 66157 84 66291 18 66345 265 66638 83 66771 18 66848 242 67118 83 67252 16 67330 241 67598 83 67732 16 67810 241 68069 6 68077 84 68213 15 68290 242 68548 93 68693 15 68770 242 69028 93 69174 13 69250 243 69508 93 69654 13 69730 117 69860 114 69987 94 70135 12 70210 116 70360 95 70465 96 70615 13 70690 115 70862 74 70941 100 71095 13 71170 115 71348 173 71575 13 71650 115 71829 172 72055 13 72130 115 72309 172 72536 12 72610 115 72789 120 72910 51 73016 12 73090 115 73269 118 73401 40 73496 12 73570 114 73749 117 73897 5 73905 16 73976 12 74051 113 74229 117 74456 12 74531 113 74709 117 74935 13 75012 112 75189 117 75415 13 75492 112 75669 116 75895 12 75972 112 76149 116 76375 12 76451 113 76629 116 76855 12 76931 113 77109 116 77335 12 77411 113 77589 116 77815 12 77891 113 78069 116 78295 12 78371 113 78549 116 78774 13 78851 113 79029 115 79254 13 79331 113 79509 115 79734 13 79811 64 79879 45 79989 115 80214 13 80291 61 80364 40 80469 115 80694 13 80771 57 80847 37 80949 115 81174 13 81251 55 81329 35 81429 114 81654 13 81730 55 81811 33 81908 115 82134 13 82210 42 82295 28 82388 115 82614 13 82689 42 82778 25 82868 114 83094 13 83169 41 83262 21 83348 113 83574 13 83648 42 83744 19 83828 113 84054 13 84128 42 84225 18 84308 114 84534 13 84608 42 84705 18 84788 115 85014 13 85088 42 85186 17 85268 115 85494 13 85568 42 85666 17 85748 116 85973 14 86048 42 86146 17 86228 116 86453 13 86529 41 86626 17 86708 116 86932 14 87009 41 87106 17 87188 116 87412 14 87489 41 87586 17 87667 117 87892 14 87969 41 88066 17 88147 117 88372 14 88449 41 88546 17 88627 117 88852 14 88929 41 89026 17 89107 116 89333 13 89409 41 89506 17 89587 116 89813 13 89889 41 89985 18 90067 116 90293 13 90369 41 90465 17 90547 116 90773 13 90849 40 90945 17 91027 116 91253 13 91329 40 91425 16 91507 116 91733 13 91809 40 91905 16 91987 115 92213 13 92289 40 92385 16 92467 115 92693 13 92769 40 92865 16 92947 115 93173 13 93249 40 93345 16 93427 115 93653 3 93662 4 93729 40 93825 16 93907 115 94209 40 94305 15 94387 115 94689 40 94785 15 94867 115 95114 1 95169 40 95265 15 95346 116 95595 4 95650 39 95745 15 95826 116 96076 4 96130 39 96225 14 96306 116 96558 2 96610 39 96705 14 96786 116 97090 39 97185 14 97266 116 97570 39 97665 14 97746 116 98050 39 98144 15 98226 116 98530 39 98624 16 98706 116 99010 39 99104 16 99186 116 99361 4 99490 39 99584 16 99666 116 99841 18 99970 39 100064 16 100146 116 100321 28 100450 39 100544 16 100626 115 100801 26 100930 39 101024 16 101106 115 101281 24 101410 39 101504 16 101586 115 101761 16 101890 38 101984 17 102066 114 102241 14 102370 38 102464 17 102546 115 102721 12 102850 38 102944 17 103026 115 103201 12 103330 38 103424 18 103506 116 103681 11 103810 38 103903 20 103986 143 104161 10 104290 38 104383 22 104466 119 104586 30 104624 3 104641 9 104770 38 104863 26 104946 118 105067 41 105121 9 105250 38 105343 29 105426 118 105548 41 105601 9 105730 38 105823 29 105906 118 106029 26 106060 9 106081 9 106210 38 106303 28 106387 118 106510 21 106541 8 106561 10 106690 38 106783 27 106867 119 106992 10 107022 7 107041 11 107170 38 107263 26 107348 5 107363 105 107474 4 107502 8 107521 11 107651 36 107743 25 107828 4 107867 82 107982 8 108001 8 108146 21 108223 24 108309 2 108366 62 108463 8 108481 7 108639 8 108703 24 108848 59 108943 7 108961 7 109123 3 109183 24 109328 58 109423 7 109441 7 109662 25 109809 56 109903 6 109921 7 110142 25 110289 54 110384 3 110401 7 110622 25 110769 51 110881 9 110892 2 111102 25 111249 50 111361 1 111364 11 111582 25 111729 50 111845 10 112062 25 112209 49 112326 9 112542 25 112609 2 112690 47 112808 6 113022 25 113088 4 113171 46 113289 6 113502 25 113568 5 113654 43 113770 5 113982 25 114048 5 114147 30 114251 4 114462 25 114528 6 114635 21 114732 3 114942 25 115008 6 115116 20 115214 2 115422 25 115488 7 115597 19 115695 2 115902 25 115967 8 116077 19 116175 3 116382 25 116447 8 116557 18 116655 4 116862 25 116927 9 117038 17 117135 4 117342 24 117407 9 117518 17 117615 4 117822 24 117887 9 117998 17 118095 4 118302 24 118367 9 118478 16 118575 5 118781 25 118847 9 118959 15 119055 5 119261 25 119327 8 119439 15 119535 5 119741 25 119807 8 119919 15 120015 6 120221 25 120286 9 120400 14 120496 5 120701 25 120766 8 120880 13 120976 5 121181 25 121246 8 121360 13 121456 6 121661 25 121726 8 121840 13 121936 6 122141 25 122206 7 122320 13 122394 2 122416 6 122621 24 122686 7 122800 13 122872 6 122897 5 123101 24 123166 7 123280 12 123351 8 123378 5 123581 24 123646 7 123760 12 123818 23 123859 4 124061 24 124126 7 124240 12 124296 25 124340 3 124541 24 124605 8 124720 11 124775 26 124820 3 125021 24 125085 9 125200 11 125255 26 125301 3 125501 24 125564 10 125680 10 125734 27 125781 3 125981 24 126044 10 126160 10 126213 28 126260 4 126461 24 126524 10 126640 10 126692 29 126740 4 126941 24 127005 8 127120 9 127171 30 127220 4 127421 24 127600 9 127650 31 127700 4 127901 24 128080 9 128130 31 128180 4 128381 24 128560 9 128609 32 128660 4 128861 24 129039 9 129088 33 129140 4 129341 24 129519 9 129567 34 129620 5 129821 24 130000 8 130047 14 130066 11 130100 5 130301 24 130480 8 130526 13 130580 5 130781 24 130960 8 131005 13 131060 5 131261 24 131440 8 131484 13 131540 5 131741 23 131920 7 131963 12 132020 5 132221 23 132400 7 132442 11 132500 5 132700 24 132880 7 132921 10 132980 4 133180 24 133360 6 133400 10 133460 4 133660 24 133840 6 133880 9 133940 4 134140 24 134320 6 134359 10 134420 4 134620 24 134800 6 134838 10 134900 4 135100 24 135280 6 135317 10 135380 4 135580 24 135760 6 135797 8 135860 4 136059 25 136240 6 136276 8 136340 4 136539 25 136721 5 136756 7 136820 4 137019 25 137201 5 137235 7 137300 4 137499 25 137681 5 137715 6 137780 4 137979 25 138162 4 138195 6 138260 4 138459 25 138642 4 138674 6 138740 4 138939 25 139122 4 139154 6 139220 4 139419 25 139602 4 139633 7 139700 4 139899 25 140082 4 140109 1 140113 7 140179 5 140379 24 140562 3 140590 1 140592 8 140659 5 140713 2 140859 24 141043 2 141070 10 141139 5 141189 6 141339 24 141523 2 141550 10 141619 5 141666 9 141819 24 142003 2 142030 10 142099 5 142144 11 142299 24 142483 2 142510 10 142579 4 142623 11 142779 24 142963 2 142990 10 143059 4 143101 13 143259 24 143443 2 143470 10 143539 4 143579 15 143739 24 143923 1 143950 10 144019 4 144047 27 144219 24 144403 1 144430 10 144499 4 144527 27 144699 24 144911 8 144979 4 145007 27 145179 24 145391 8 145459 4 145487 27 145659 24 145871 8 145939 4 145967 27 146139 24 146350 9 146419 4 146447 27 146619 24 146830 9 146899 3 146927 27 147098 25 147310 9 147379 3 147407 27 147578 24 147790 9 147858 4 147887 27 148058 24 148270 9 148338 4 148367 27 148538 24 148750 9 148818 4 148847 27 149018 24 149230 9 149297 5 149326 28 149498 24 149709 10 149776 6 149806 28 149978 24 150189 10 150253 9 150286 28 150458 24 150669 10 150731 11 150766 27 150938 24 151149 10 151207 15 151246 27 151418 24 151629 10 151681 21 151726 27 151898 24 152109 10 152161 21 152206 27 152378 24 152588 11 152641 21 152686 27 152858 24 153068 11 153121 21 153166 27 153338 24 153548 11 153601 21 153646 27 153818 24 154028 11 154081 21 154126 27 154298 24 154508 11 154561 21 154606 27 154777 25 154988 11 155041 21 155086 27 155257 25 155469 9 155521 21 155566 27 155737 25 155949 9 156001 21 156046 27 156217 24 156429 9 156481 21 156526 27 156697 24 156908 10 156961 21 157006 27 157177 24 157388 10 157441 21 157486 27 157657 24 157868 10 157921 20 157966 27 158137 24 158348 10 158401 20 158446 27 158617 24 158828 10 158881 20 158925 28 159097 24 159308 10 159361 20 159405 28 159577 24 159789 9 159841 20 159885 28 160057 24 160269 9 160321 20 160365 28 160537 24 160749 9 160801 20 160845 28 161017 24 161229 9 161281 20 161325 28 161497 24 161709 9 161761 20 161805 28 161977 24 162161 1 162189 10 162241 20 162285 27 162457 24 162640 2 162669 10 162721 20 162765 27 162937 24 163120 3 163149 11 163201 20 163245 27 163417 24 163600 3 163629 11 163681 20 163725 27 163897 24 164080 3 164109 11 164161 20 164205 27 164377 24 164560 3 164589 11 164641 20 164685 27 164857 24 165040 3 165069 11 165121 20 165165 27 165337 23 165519 4 165549 11 165601 20 165645 27 165817 23 165999 4 166029 11 166081 20 166125 27 166297 23 166478 5 166509 12 166561 20 166605 28 166777 23 166958 6 166989 12 167041 20 167085 28 167257 23 167437 7 167469 12 167521 20 167565 28 167737 23 167917 7 167949 12 168001 20 168045 27 168217 23 168396 8 168429 12 168481 20 168524 27 168697 23 168876 8 168909 12 168961 19 169004 25 169177 23 169356 8 169389 12 169441 19 169484 23 169656 24 169836 8 169869 12 169921 19 169964 21 170133 27 170315 9 170349 12 170401 19 170444 20 170612 28 170795 1 170802 2 170829 12 170881 19 170924 19 171093 27 171309 12 171361 19 171404 18 171573 27 171789 11 171841 3 171846 14 171884 16 172054 26 172269 11 172329 11 172364 14 172535 24 172749 11 172811 9 172844 11 173016 23 173229 11 173293 7 173324 10 173496 23 173545 2 173709 11 173774 6 173804 9 173976 23 174024 1 174189 11 174255 5 174284 8 174457 22 174503 2 174669 11 174736 4 174764 7 174936 23 174983 2 175149 11 175217 3 175243 7 175416 23 175462 2 175629 11 175698 2 175723 6 175896 23 175943 1 176109 11 176203 5 176377 22 176588 12 176683 4 176857 22 177068 12 177163 3 177338 21 177548 13 177643 1 177819 20 178034 6 178300 19 178781 18 179262 17 179504 4 179743 15 179986 3 180224 14 180468 4 180704 14 180952 1 181185 13 181665 13 182146 12 182626 12 183107 11 183588 10 184069 9 184551 7 185033 5 185515 3 244321 1 244801 12 245281 28 245761 40 246241 51 246721 59 247201 63 247681 68 248161 71 248641 73 249121 76 249601 78 250081 80 250561 82 251041 83 251521 2 251524 82 252021 66 252515 52 252715 8 253008 39 253187 27 253492 34 253662 46 253981 25 254139 56 254465 20 254616 75 254949 15 255094 94 255432 12 255572 112 255914 9 256049 126 256321 3 256396 6 256528 141 256801 8 256877 4 257007 154 257281 19 257487 169 257761 30 257795 11 257858 1 257966 181 258241 54 258336 5 258447 183 258721 59 258814 8 258927 185 259201 62 259293 10 259407 24 259451 144 259681 65 259771 12 259888 15 259947 129 260161 67 260250 14 260369 11 260441 116 260641 69 260729 15 260850 8 260935 102 261121 71 261209 16 261331 5 261425 93 261601 72 261689 16 261917 81 262080 75 262169 17 262410 69 262553 44 262612 24 262650 16 262911 48 263030 38 263096 21 263130 17 263273 4 263404 35 263509 38 263579 19 263611 16 263713 4 263746 25 263889 29 263988 37 264062 17 264092 15 264192 7 264223 38 264380 17 264467 37 264544 16 264572 16 264671 9 264701 48 264946 37 265027 13 265052 16 265150 11 265180 64 265426 36 265533 15 265630 12 265658 74 265906 36 266013 16 266109 13 266137 81 266386 35 266493 16 266589 13 266616 80 266868 16 266892 9 266974 15 267068 14 267095 79 267357 4 267374 7 267454 16 267547 15 267574 76 267855 6 267934 16 268027 14 268053 72 268335 6 268415 15 268506 14 268532 68 268686 21 268711 4 268815 5 268896 14 268986 14 269012 66 269165 32 269296 4 269376 15 269465 14 269491 65 269645 33 269777 3 269856 15 269945 13 269970 63 270126 32 270336 15 270425 13 270450 61 270606 32 270816 15 270904 13 270929 60 271086 32 271296 16 271384 13 271409 58 271567 32 271776 16 271864 13 271888 58 272047 32 272256 16 272344 13 272368 57 272528 30 272625 16 272736 16 272823 13 272847 58 273008 30 273105 16 273215 17 273303 13 273327 57 273488 30 273584 17 273694 18 273783 13 273807 57 273968 30 274064 17 274172 20 274263 13 274287 56 274448 30 274544 17 274652 20 274743 13 274766 56 274928 30 275024 17 275132 20 275222 13 275246 56 275408 30 275504 17 275612 20 275702 13 275726 55 275888 30 275984 17 276092 20 276182 13 276206 55 276368 30 276464 17 276573 19 276662 13 276686 54 276848 30 276944 17 277053 18 277142 13 277166 54 277329 29 277424 17 277533 18 277622 13 277645 54 277809 29 277904 17 278012 18 278102 13 278125 54 278290 28 278384 17 278492 18 278582 13 278605 54 278770 28 278864 17 278972 18 279062 12 279085 53 279251 27 279344 17 279452 18 279542 12 279565 53 279731 27 279824 17 279932 18 280023 11 280045 52 280212 26 280304 17 280411 19 280503 11 280525 52 280692 25 280784 17 280891 2 280896 14 280983 11 281005 51 281172 25 281264 17 281370 2 281377 13 281464 10 281485 51 281653 24 281744 17 281849 1 281857 13 281944 10 281965 51 282133 24 282224 17 282337 13 282424 10 282445 51 282614 23 282704 17 282817 13 282904 10 282925 51 283094 23 283184 17 283297 13 283384 10 283405 51 283575 22 283664 17 283777 13 283864 10 283884 52 284056 21 284144 17 284257 14 284343 11 284364 52 284536 2 284550 6 284624 17 284737 14 284823 11 284844 52 285104 17 285217 15 285303 11 285324 52 285584 17 285697 15 285783 11 285804 52 286064 17 286176 16 286263 11 286284 52 286544 17 286656 16 286742 12 286764 53 287024 17 287135 17 287222 12 287244 53 287504 17 287614 18 287701 12 287723 54 287899 1 287984 17 288095 17 288181 12 288203 54 288379 4 288463 18 288576 16 288660 13 288683 55 288859 6 288943 18 289056 16 289140 13 289163 55 289339 7 289423 18 289536 16 289620 13 289643 56 289819 7 289904 17 290016 16 290100 13 290123 57 290300 6 290384 17 290497 15 290580 13 290603 57 290780 6 290864 17 290977 15 291060 13 291083 58 291261 4 291344 17 291457 15 291540 13 291563 59 291744 1 291824 17 291937 15 292019 14 292043 59 292304 17 292418 14 292499 14 292523 59 292785 16 292898 14 292979 14 293003 60 293265 16 293378 14 293459 14 293483 60 293745 16 293858 14 293939 14 293963 60 294226 15 294338 13 294419 14 294443 60 294706 15 294818 13 294899 14 294923 59 295187 14 295298 13 295379 14 295403 59 295668 13 295778 13 295859 13 295883 58 296149 12 296258 13 296339 13 296363 57 296629 12 296738 13 296819 13 296843 26 296882 17 297110 11 297218 13 297299 13 297323 21 297368 10 297590 11 297698 13 297779 13 297802 19 297852 4 298071 10 298177 14 298259 13 298282 17 298553 8 298657 14 298739 13 298762 15 299035 6 299137 14 299219 13 299242 14 299515 6 299616 15 299698 14 299722 13 299996 5 300096 15 300178 14 300202 12 300476 5 300575 16 300658 14 300682 11 300956 5 301055 16 301138 14 301162 11 301436 5 301535 16 301618 14 301642 11 301916 5 302015 16 302098 14 302122 10 302396 5 302496 15 302578 14 302602 10 302876 5 302976 14 303058 14 303082 9 303356 5 303456 14 303538 14 303562 9 303836 5 303936 14 304018 14 304042 8 304316 5 304416 14 304497 15 304521 9 304795 6 304896 14 304977 15 305001 8 305275 6 305375 15 305457 15 305481 7 305755 6 305855 15 305937 15 305961 7 306235 6 306335 15 306417 15 306440 7 306715 6 306814 16 306897 15 306920 8 307194 7
